AT3G18810	site	gimme_146_MEME_7_w12	R	426	437
AT3G18810	site	gimme_13_BioProspector_w10_3	D	587	596
AT3G18810	site	gimme_105_Improbizer_AACACACGTTTATTAGATGTTT	D	604	625
AT3G18810	site	gimme_104_Improbizer_GTGCAACGGAGAGT	D	429	442
AT3G18810	site	DME_GRHTGDTGA	D	289	297
AT3G18810	site	gimme_102_Improbizer_GCGTTATACCCGAGGATCAG	D	276	295
AT3G18810	site	DME_MARKGDSRGA	D	341	350
AT3G18810	site	DME_MARKGDSRGA	D	942	951
AT3G18810	site	gimme_92_MDmodule_Motif.12.3	D	40	51
AT3G18810	site	gimme_92_MDmodule_Motif.12.3	D	293	304
AT3G18810	site	gimme_132_MEME_3_w10	R	586	595
AT3G18810	site	gimme_143_MEME_4_w12	D	402	413
AT3G18810	site	gimme_16_BioProspector_w12_1	D	293	304
AT3G18810	site	gimme_16_BioProspector_w12_1	D	623	634
AT3G18810	site	DME_GADGAYKAS	D	290	298
AT1G10620	site	DME_GRHTGDTGA	R	673	681
AT1G10620	site	gimme_102_Improbizer_GCGTTATACCCGAGGATCAG	D	46	65
AT1G10620	site	DME_MARKGDSRGA	D	419	428
AT1G10620	site	gimme_146_MEME_7_w12	R	122	133
AT1G10620	site	DME_GADGAYKAS	R	221	229
AT1G10620	site	gimme_132_MEME_3_w10	R	124	133
AT1G10620	site	gimme_13_BioProspector_w10_3	R	305	314
AT1G10620	site	gimme_104_Improbizer_GTGCAACGGAGAGT	D	860	873
AT1G10620	site	gimme_105_Improbizer_AACACACGTTTATTAGATGTTT	D	741	762
AT5G14380	site	DME_MARKGDSRGA	D	164	173
AT5G14380	site	gimme_146_MEME_7_w12	D	445	456
AT5G14380	site	gimme_102_Improbizer_GCGTTATACCCGAGGATCAG	D	327	346
AT5G14380	site	gimme_92_MDmodule_Motif.12.3	D	32	43
AT5G14380	site	gimme_92_MDmodule_Motif.12.3	R	66	77
AT5G14380	site	gimme_92_MDmodule_Motif.12.3	R	868	879
AT5G14380	site	gimme_143_MEME_4_w12	R	841	852
AT5G14380	site	gimme_13_BioProspector_w10_3	D	407	416
AT5G14380	site	DME_GADGAYKAS	D	338	346
AT5G14380	site	DME_GADGAYKAS	R	817	825
AT5G14380	site	gimme_104_Improbizer_GTGCAACGGAGAGT	D	254	267
AT5G14380	site	DME_GRHTGDTGA	D	135	143
AT5G14380	site	gimme_16_BioProspector_w12_1	R	789	800
AT5G14380	site	gimme_105_Improbizer_AACACACGTTTATTAGATGTTT	D	5	26
AT1G23540	site	gimme_132_MEME_3_w10	R	736	745
AT1G23540	site	gimme_102_Improbizer_GCGTTATACCCGAGGATCAG	D	200	219
AT1G23540	site	gimme_102_Improbizer_GCGTTATACCCGAGGATCAG	R	755	774
AT1G23540	site	DME_MARKGDSRGA	D	15	24
AT1G23540	site	gimme_146_MEME_7_w12	R	405	416
AT1G23540	site	gimme_92_MDmodule_Motif.12.3	R	899	910
AT1G23540	site	gimme_143_MEME_4_w12	R	562	573
AT1G23540	site	DME_GADGAYKAS	D	211	219
AT1G23540	site	gimme_104_Improbizer_GTGCAACGGAGAGT	D	816	829
AT1G23540	site	gimme_16_BioProspector_w12_1	R	899	910
AT1G23540	site	gimme_105_Improbizer_AACACACGTTTATTAGATGTTT	R	31	52
AT3G01700	site	gimme_146_MEME_7_w12	D	192	203
AT3G01700	site	gimme_13_BioProspector_w10_3	D	777	786
AT3G01700	site	gimme_105_Improbizer_AACACACGTTTATTAGATGTTT	D	418	439
AT3G01700	site	gimme_104_Improbizer_GTGCAACGGAGAGT	D	169	182
AT3G01700	site	DME_GRHTGDTGA	R	564	572
AT3G01700	site	gimme_102_Improbizer_GCGTTATACCCGAGGATCAG	D	103	122
AT3G01700	site	DME_MARKGDSRGA	D	22	31
AT3G01700	site	gimme_92_MDmodule_Motif.12.3	R	265	276
AT3G01700	site	gimme_132_MEME_3_w10	D	187	196
AT3G01700	site	gimme_143_MEME_4_w12	D	485	496
AT3G01700	site	gimme_16_BioProspector_w12_1	R	265	276
AT3G01700	site	gimme_16_BioProspector_w12_1	R	820	831
AT3G01700	site	DME_GADGAYKAS	D	114	122
AT3G01700	site	DME_GADGAYKAS	D	240	248
AT1G24520	site	DME_MARKGDSRGA	D	984	993
AT1G24520	site	gimme_132_MEME_3_w10	D	278	287
AT1G24520	site	DME_GRHTGDTGA	R	763	771
AT1G24520	site	gimme_102_Improbizer_GCGTTATACCCGAGGATCAG	D	253	272
AT1G24520	site	gimme_102_Improbizer_GCGTTATACCCGAGGATCAG	R	915	934
AT1G24520	site	gimme_146_MEME_7_w12	D	40	51
AT1G24520	site	gimme_146_MEME_7_w12	D	141	152
AT1G24520	site	gimme_13_BioProspector_w10_3	R	45	54
AT1G24520	site	gimme_92_MDmodule_Motif.12.3	D	223	234
AT1G24520	site	gimme_143_MEME_4_w12	D	206	217
AT1G24520	site	DME_GADGAYKAS	R	915	923
AT1G24520	site	gimme_104_Improbizer_GTGCAACGGAGAGT	D	461	474
AT1G24520	site	gimme_16_BioProspector_w12_1	R	221	232
AT1G24520	site	gimme_105_Improbizer_AACACACGTTTATTAGATGTTT	D	704	725
AT1G24520	site	gimme_105_Improbizer_AACACACGTTTATTAGATGTTT	R	956	977
AT3G57690	site	gimme_132_MEME_3_w10	D	725	734
AT3G57690	site	DME_MARKGDSRGA	R	443	452
AT3G57690	site	gimme_102_Improbizer_GCGTTATACCCGAGGATCAG	D	325	344
AT3G57690	site	gimme_92_MDmodule_Motif.12.3	D	320	331
AT3G57690	site	gimme_92_MDmodule_Motif.12.3	R	396	407
AT3G57690	site	gimme_92_MDmodule_Motif.12.3	R	677	688
AT3G57690	site	gimme_92_MDmodule_Motif.12.3	D	934	945
AT3G57690	site	gimme_143_MEME_4_w12	D	660	671
AT3G57690	site	gimme_13_BioProspector_w10_3	R	116	125
AT3G57690	site	gimme_13_BioProspector_w10_3	D	152	161
AT3G57690	site	DME_GADGAYKAS	D	604	612
AT3G57690	site	DME_GRHTGDTGA	D	659	667
AT3G57690	site	gimme_16_BioProspector_w12_1	D	320	331
AT3G57690	site	gimme_16_BioProspector_w12_1	R	677	688
AT3G57690	site	gimme_105_Improbizer_AACACACGTTTATTAGATGTTT	D	221	242
AT4G34440	site	gimme_132_MEME_3_w10	D	50	59
AT4G34440	site	gimme_102_Improbizer_GCGTTATACCCGAGGATCAG	D	20	39
AT4G34440	site	DME_MARKGDSRGA	R	63	72
AT4G34440	site	DME_MARKGDSRGA	D	288	297
AT4G34440	site	DME_MARKGDSRGA	R	808	817
AT4G34440	site	gimme_146_MEME_7_w12	D	687	698
AT4G34440	site	gimme_13_BioProspector_w10_3	R	537	546
AT4G34440	site	DME_GADGAYKAS	R	829	837
AT4G34440	site	gimme_92_MDmodule_Motif.12.3	D	592	603
AT4G34440	site	DME_GRHTGDTGA	R	850	858
AT4G34440	site	gimme_143_MEME_4_w12	D	132	143
AT4G34440	site	gimme_104_Improbizer_GTGCAACGGAGAGT	D	944	957
AT4G34440	site	gimme_105_Improbizer_AACACACGTTTATTAGATGTTT	D	335	356
AT1G49270	site	DME_MARKGDSRGA	D	293	302
AT1G49270	site	DME_MARKGDSRGA	R	970	979
AT1G49270	site	DME_GRHTGDTGA	D	618	626
AT1G49270	site	gimme_102_Improbizer_GCGTTATACCCGAGGATCAG	D	63	82
AT1G49270	site	gimme_146_MEME_7_w12	D	662	673
AT1G49270	site	gimme_13_BioProspector_w10_3	D	469	478
AT1G49270	site	gimme_13_BioProspector_w10_3	D	682	691
AT1G49270	site	gimme_92_MDmodule_Motif.12.3	D	71	82
AT1G49270	site	gimme_132_MEME_3_w10	R	681	690
AT1G49270	site	gimme_143_MEME_4_w12	D	358	369
AT1G49270	site	DME_GADGAYKAS	D	74	82
AT1G49270	site	gimme_104_Improbizer_GTGCAACGGAGAGT	D	981	994
AT1G49270	site	gimme_16_BioProspector_w12_1	D	718	729
AT1G49270	site	gimme_105_Improbizer_AACACACGTTTATTAGATGTTT	D	699	720
AT2G24450	site	gimme_132_MEME_3_w10	R	678	687
AT2G24450	site	gimme_102_Improbizer_GCGTTATACCCGAGGATCAG	D	197	216
AT2G24450	site	gimme_102_Improbizer_GCGTTATACCCGAGGATCAG	R	917	936
AT2G24450	site	gimme_146_MEME_7_w12	D	762	773
AT2G24450	site	gimme_13_BioProspector_w10_3	D	743	752
AT2G24450	site	gimme_92_MDmodule_Motif.12.3	R	664	675
AT2G24450	site	gimme_92_MDmodule_Motif.12.3	R	691	702
AT2G24450	site	DME_GRHTGDTGA	D	2	10
AT2G24450	site	DME_GRHTGDTGA	R	224	232
AT2G24450	site	gimme_143_MEME_4_w12	R	82	93
AT2G24450	site	gimme_104_Improbizer_GTGCAACGGAGAGT	D	110	123
AT2G24450	site	gimme_16_BioProspector_w12_1	R	82	93
AT2G24450	site	gimme_16_BioProspector_w12_1	R	235	246
AT2G24450	site	gimme_16_BioProspector_w12_1	D	727	738
AT2G24450	site	gimme_105_Improbizer_AACACACGTTTATTAGATGTTT	D	505	526
AT2G18470	site	gimme_132_MEME_3_w10	D	753	762
AT2G18470	site	DME_GRHTGDTGA	R	526	534
AT2G18470	site	DME_MARKGDSRGA	D	944	953
AT2G18470	site	gimme_146_MEME_7_w12	D	117	128
AT2G18470	site	gimme_13_BioProspector_w10_3	R	551	560
AT2G18470	site	DME_GADGAYKAS	D	196	204
AT2G18470	site	gimme_92_MDmodule_Motif.12.3	D	270	281
AT2G18470	site	gimme_92_MDmodule_Motif.12.3	D	854	865
AT2G18470	site	gimme_104_Improbizer_GTGCAACGGAGAGT	D	186	199
AT2G18470	site	gimme_104_Improbizer_GTGCAACGGAGAGT	D	953	966
AT2G18470	site	gimme_16_BioProspector_w12_1	D	270	281
AT2G18470	site	gimme_16_BioProspector_w12_1	D	854	865
AT2G18470	site	gimme_105_Improbizer_AACACACGTTTATTAGATGTTT	D	759	780
AT4G33970	site	gimme_132_MEME_3_w10	R	347	356
AT4G33970	site	DME_MARKGDSRGA	R	714	723
AT4G33970	site	gimme_146_MEME_7_w12	D	534	545
AT4G33970	site	gimme_102_Improbizer_GCGTTATACCCGAGGATCAG	D	343	362
AT4G33970	site	gimme_143_MEME_4_w12	D	579	590
AT4G33970	site	gimme_13_BioProspector_w10_3	D	811	820
AT4G33970	site	gimme_104_Improbizer_GTGCAACGGAGAGT	D	274	287
AT4G33970	site	DME_GRHTGDTGA	R	743	751
AT4G33970	site	gimme_16_BioProspector_w12_1	D	579	590
AT4G33970	site	gimme_105_Improbizer_AACACACGTTTATTAGATGTTT	D	682	703
AT1G54215	site	gimme_132_MEME_3_w10	R	401	410
AT1G54215	site	gimme_102_Improbizer_GCGTTATACCCGAGGATCAG	D	86	105
AT1G54215	site	gimme_146_MEME_7_w12	R	399	410
AT1G54215	site	DME_GADGAYKAS	D	97	105
AT1G54215	site	gimme_92_MDmodule_Motif.12.3	D	294	305
AT1G54215	site	gimme_92_MDmodule_Motif.12.3	R	917	928
AT1G54215	site	gimme_143_MEME_4_w12	D	919	930
AT1G54215	site	gimme_104_Improbizer_GTGCAACGGAGAGT	D	890	903
AT1G54215	site	gimme_16_BioProspector_w12_1	R	876	887
AT1G54215	site	gimme_16_BioProspector_w12_1	R	917	928
AT1G54215	site	gimme_16_BioProspector_w12_1	D	919	930
AT1G54215	site	gimme_105_Improbizer_AACACACGTTTATTAGATGTTT	R	480	501
AT1G54215	site	gimme_105_Improbizer_AACACACGTTTATTAGATGTTT	D	488	509
